submission_id,first_deleted_at,last_deleted_at,deletion_events
123c801d-e04f-4e50-a8ce-4f12e57d831f,2026-04-30T17:04:33.940496+00:00,2026-04-30T17:04:33.940496+00:00,1
42d83864-68cd-408c-95e9-f21af00475e8,2026-05-03T12:48:21.678336+00:00,2026-05-03T12:48:21.678336+00:00,1
6c02353c-4a02-43d4-950c-c3452e1b16fd,2026-05-20T17:22:44.950526+00:00,2026-05-20T17:22:44.950526+00:00,1
d200529f-d609-4ab2-a76d-a429361c93ae,2026-06-15T18:56:41.189164+00:00,2026-06-15T18:56:41.189164+00:00,1
3f0310e6-ec61-4920-9c95-a9c0495431e7,2026-06-15T18:56:50.925472+00:00,2026-06-15T18:56:50.925472+00:00,1
65d59411-98ca-4d9e-83ea-29d0f012860b,2026-06-15T18:57:01.772264+00:00,2026-06-15T18:57:01.772264+00:00,1
cdfdb67b-d755-4d7a-b424-59c5f8bf2bed,2026-06-15T18:58:04.479156+00:00,2026-06-15T18:58:04.479156+00:00,1
5be70905-18f1-4f67-8b6a-08725ed5ff25,2026-06-15T18:58:17.902748+00:00,2026-06-15T18:58:17.902748+00:00,1
d97bdeec-e3ac-4e02-935e-48d042eb99ba,2026-06-15T18:58:26.621364+00:00,2026-06-15T18:58:26.621364+00:00,1
b0038bf4-2854-4c36-ac87-9ce275c91b4b,2026-06-15T18:58:37.876231+00:00,2026-06-15T18:58:37.876231+00:00,1
826aa889-8125-4a16-a6a3-36ddc48f9d95,2026-06-15T18:58:58.437988+00:00,2026-06-15T18:58:59.660732+00:00,2
66dd207a-ec0f-4f86-bcdd-517dee1998b1,2026-06-15T18:59:17.120715+00:00,2026-06-15T18:59:17.120715+00:00,1
948ed1b4-3000-4bde-966b-b89912f27e9b,2026-06-15T18:59:27.956683+00:00,2026-06-15T18:59:27.956683+00:00,1
dd5ab8e2-f773-4ab4-a24d-ad78ffdb246e,2026-06-15T18:59:36.505472+00:00,2026-06-15T18:59:36.505472+00:00,1
b7b3f372-5cf9-4bb0-96d7-e02e5d844324,2026-06-15T18:59:44.166328+00:00,2026-06-15T18:59:44.166328+00:00,1
b8b4bb75-fc5a-46f7-a8f0-5d839c3fab72,2026-06-15T18:59:52.898471+00:00,2026-06-15T18:59:52.898471+00:00,1
8b63f42a-304d-4fe8-9339-b8b57952b369,2026-06-17T14:26:53.606058+00:00,2026-06-17T14:26:53.606058+00:00,1
f4437f46-1133-450d-95ec-1dd082946638,2026-06-17T14:27:05.851123+00:00,2026-06-17T14:27:05.851123+00:00,1
e9635653-6829-4adb-9ee4-ab13f697ab19,2026-06-26T19:26:11.785356+00:00,2026-06-26T19:26:11.785356+00:00,1
f6c7146a-18c8-4a30-9884-33ea7b68fe2d,2026-06-29T15:27:13.375509+00:00,2026-06-29T15:27:13.375509+00:00,1
aa2aa8ed-f22a-4a3c-9beb-37cc3c51ab5d,2026-06-29T15:27:22.143626+00:00,2026-06-29T15:27:22.143626+00:00,1
b1434d93-c0ba-4f90-8fa2-ea2796fb4939,2026-07-02T12:49:04.40296+00:00,2026-07-02T12:49:04.40296+00:00,1
6fe15c4b-c21b-47da-b64d-4400a5a8867b,2026-08-17T17:38:55.726628+00:00,2026-08-17T17:38:55.726628+00:00,1
726054bd-7c73-4d1d-9a7a-0a945e3d633d,2026-08-17T17:39:07.60278+00:00,2026-08-17T17:39:07.60278+00:00,1
0eeef15e-8501-4793-ab64-27367d8621a8,2026-08-17T17:39:17.618304+00:00,2026-08-17T17:39:17.618304+00:00,1
bf932b5e-6379-4ed5-9056-22310a77bd4b,2026-08-17T20:17:50.977069+00:00,2026-08-17T20:17:50.977069+00:00,1
6a782bfb-f36d-4a13-b709-255b9bfe5b33,2026-08-17T20:18:00.117801+00:00,2026-08-17T20:18:00.117801+00:00,1
19db2c55-fe30-4564-8f43-21f919be0745,2026-08-17T20:18:10.139424+00:00,2026-08-17T20:18:10.139424+00:00,1
f518615b-b73d-4577-8a02-e4e215812b9c,2026-08-17T20:18:18.544171+00:00,2026-08-17T20:18:18.544171+00:00,1
60f2ea7c-70b4-4ea0-9d52-208d5878bef1,2026-08-17T20:18:27.654169+00:00,2026-08-17T20:18:27.654169+00:00,1
58b0421e-176b-4ee2-9504-540ff6d20f6a,2026-08-17T20:19:54.664761+00:00,2026-08-17T20:19:54.664761+00:00,1
8a591f0e-a031-42b7-be0c-04f8d6b5acbb,2026-08-17T20:19:59.095017+00:00,2026-08-17T20:19:59.095017+00:00,1
cce6708a-b957-4b74-b5fb-b48a3c81b7b7,2026-08-17T20:20:03.979491+00:00,2026-08-17T20:20:03.979491+00:00,1
78f1d226-9d1d-4612-a42e-d437f4be00ba,2026-08-17T20:20:07.630175+00:00,2026-08-17T20:20:07.630175+00:00,1
845a2a88-2cbd-4450-a2ad-41182283267b,2026-08-17T20:20:12.7859+00:00,2026-08-17T20:20:12.7859+00:00,1
2f665fb1-80f0-49e9-bf4a-cddb6f990b99,2026-08-17T20:20:17.400542+00:00,2026-08-17T20:20:17.400542+00:00,1
3b75f815-5720-4e40-8ce6-a92224323e5a,2026-08-17T20:20:21.923247+00:00,2026-08-17T20:20:21.923247+00:00,1
12023f02-5289-4c75-b0ae-48330774dc9e,2026-08-17T20:20:26.354074+00:00,2026-08-17T20:20:26.354074+00:00,1
46ad315e-5ec2-4c40-a229-b1e2e27c8994,2026-08-17T20:20:30.085592+00:00,2026-08-17T20:20:30.085592+00:00,1
15aa5fe3-68af-4717-92d2-774bcb729e95,2026-08-17T20:20:38.960504+00:00,2026-08-17T20:20:38.960504+00:00,1
7547912e-4242-4b02-9dc9-eb9e3f202870,2026-08-17T20:20:42.054826+00:00,2026-08-17T20:20:42.054826+00:00,1
bef15b3e-0991-4e70-b2ce-98ca4fe3f4f3,2026-08-17T20:20:48.133735+00:00,2026-08-17T20:20:48.133735+00:00,1
a89026bd-f0e8-4c0e-bd35-9e7ce81ee8bd,2026-08-17T20:20:51.580705+00:00,2026-08-17T20:21:09.643539+00:00,2
69ced752-6a76-4e29-a4fe-4b5bd8a277d4,2026-08-17T20:21:05.407747+00:00,2026-08-17T20:21:05.407747+00:00,1
812900c9-c9ed-4069-b360-9a2784fc0e68,2026-08-17T20:21:14.150995+00:00,2026-08-17T20:21:14.150995+00:00,1
74c16fbe-7972-43c1-a42d-60ce6e86eea6,2026-08-17T20:21:18.620862+00:00,2026-08-17T20:21:18.620862+00:00,1
8efbdd6f-c07c-4718-bfe0-2658785bc50e,2026-08-17T20:21:27.342879+00:00,2026-08-17T20:21:27.342879+00:00,1
beffe480-c755-43ad-ad35-7805dfa94305,2026-08-17T20:22:02.708104+00:00,2026-08-17T20:22:02.708104+00:00,1
a1089777-be2a-465a-a68c-349fa979eb10,2026-08-18T07:58:23.627745+00:00,2026-08-18T07:58:23.627745+00:00,1
6086b6bc-5ca5-403f-962c-e3c91075819d,2026-08-18T08:06:02.292874+00:00,2026-08-18T08:06:02.292874+00:00,1
d681681b-d9dd-4083-908a-39be97a67358,2026-08-18T08:08:04.284697+00:00,2026-08-18T08:08:04.284697+00:00,1
